{"h_p": [-0.0033034073472555697, -0.0027536055496181103, -0.0010455585434018142, -0.0027878004159212367, -0.0006005698536040929, -0.003489243972808445, -0.007061287069624896, 0.008224581823433661, 0.006204668411622628, 0.000743699263962238, 0.009573297157965087, 0.005108535968929591, -0.006100944492857385, 0.003017670565822122, -0.006187981272727026, 0.00415758869334488, 0.0035234704287815735, -0.008349169689099812, -0.006750865356576723, 0.0038123429173457196, 0.00011885195678248216, -0.002784755066448672, 0.0020020602591121683, -0.003565808474938705, -0.004926026113175048, -0.004005606139867521, -0.007547196261498769, -0.0003860422459938924, 0.009590896311323526, 0.0009998760586907266, 0.0038605717683180617, -0.003334727051439387, -0.004192811422882186, -8.06728622115136e-05, -0.0024973817245495617, -0.0003105112204135874, -0.0030420985456851312, -0.0034010992679204656, 0.0008960170337979962, 0.0008870107385635431, 0.002245358836230965, 0.00019406819741614505, -0.0029089551290627544, -0.006541643054473478, 0.0008518725232835052, -0.004526077429531727, -0.0022055816241434148, 0.0007449451595042954, -0.00042547674694026446, 0.0026783333848406066], "r_p": [-0.04749466029013933, 0.03187990901247711, 0.0249981316564359, 0.010944529538261116, -0.019403622336866586, -0.3287440781240705, 0.040866497546392794, -0.08310884526985296, 0.007871329894817916, -0.008017385509277055, -0.010269353003737505, 0.06028933547589648, 0.08251657818693582, 0.022590222388783953, -0.08042548083113847, -0.00881339109524214, 0.08051139676510853, 0.0938562829139058, -0.02715102623338673, 0.37765936812527945, 0.002633176204677816, -0.009418044777343582, 0.011840647048456896, 0.010657296785219948, -0.09256035574245453, -0.032083589324493546, 0.027148336896918653, -0.10250278078784267, -0.02926118068342024, 0.03406989135931456, 0.03894502314707715, -0.021766054852092664, -0.005674348995161421, 0.10012323035320882, 0.009945014540944788, 0.052811210661306215, -0.0638469041272743, 0.013788286146885993, 0.07634961872266116, 0.010020568030049663, 0.027690789531917958, 0.009941497260699546, 0.09139289827957035, 0.03593243755266577, 0.11932462662419736, 0.0428866454579627, 0.0008859866610535977, 0.02800773077939385, -0.036079836547772276, 0.037892662321247585], "t_p": [0.005748525043115672, -0.004180406312019813, 0.0025280254622806336, -0.008258448630600762, 0.011165595830813618, -0.030490392240913582, -0.02085237429924906, -0.012084638189315296, -0.005526317464478815, 0.010205608192758064, 0.03738598332309353, 0.008956428718230854, 0.020416657640313494, -0.013286330099362103, -0.024394210262042852, -0.011284505226160962, 0.0054309299900900075, -0.00194368226670153, -0.027583496728389, 0.014718918099888359, 0.022992758911800203, 0.005803084740590569, 0.005900275920084004, 0.016652180611399284, -0.0044298564712532094, -0.014291359548685649, -0.002149734747471425, -0.012462822372264705, 0.011814453595765786, -0.008151333631414907, 0.0039341258092633665, -0.005102735072409138, 0.006951106488579448, 0.011648844899849353, 0.014534535274257064, 0.021627561111453076, -0.009885228518345708, -0.01590263113663937, 0.00023683112992627258, 0.020555220008390756, 0.023245967034293484, -0.012375726798672675, -0.005319320872208381, -0.015298010228701111, 0.025261692139867828, -0.02197597087816269, 0.008407637838459447, -0.004271838445307264, -0.024036381949452366, 0.01177772238504579]}