{
    "test_hit": 0.028427439084059106,
    "test_mrr": 0.09099868576853114,
    "shifted_hit": 0.5636070065564145,
    "shifted_mrr": 0.6514044090259609,
    "explain_hit": 0.5351795674723554,
    "explain_mrr": 0.5604057232574298
}