{"h_p": [0.031418720334492826, 0.020531652297478126, 0.03277725858373589, 0.02091425962017888, 0.044350129182715775, 0.0163209020373616, -0.02858700975566001, 0.014115324943090882, 0.0011145107213393407, -0.036312244261693175, 0.011767384065138276, -0.003468640051628989, 0.02638038164627475, -0.01517385579076705, 0.023666315533096574, 0.008637247146145374, 0.024393754540969193, 0.012515470597033637, 0.0077727699110028935, 0.007683983716361921, -0.005396402012204781, -0.007073142875933277, -0.0023054860728373605, 0.022253359842539705, -0.02022869467318523, 0.01841711403505679, 0.028855132679003363, 0.013811261000382054, 0.018285696515713195, -0.015544835695913533, -0.004279890042119387, -0.021067700835686494, 0.007080432346416057, 0.00048182627907439345, -0.010734780557672179, -0.019410985171274986, 0.004151742731093383, 0.0030988292920389043, -0.007775219144499559, -0.011029731222153144, 0.012352849742093571, -0.024856279915962204, 0.0018023736557786852, 0.008049789149129204, 0.016182747503090684, -0.04564038307852322, -0.02999853259885106, 0.017721045270038035, -0.014901310698363604, -0.018156831482275905], "r_p": [0.029841136738322664, -0.02525400552692784, 0.013743650457620863, -0.008524787402045868, 0.015543365394414664, -0.00030285217706661093, 0.02264835204823637, -0.014995091173779484, 0.002040719688328165, 0.04818275751766178, 0.013104682849639627, 0.07673995346134951, 0.00011293464447095806, 0.009604129994719345, -0.023030948073915838, 0.00412894202672992, -0.006723693171357518, -0.00434806426316669, -0.009080567945262623, -0.015433097586620296, -0.019085972703862645, -0.025195175977511128, -0.006850012838591958, 0.009959500278908642, -0.004752084283867399, -0.013408923238263606, -0.021517148853956333, -0.013574799237379729, 0.027732613120613422, 0.003344167582699672, -0.015258598830342007, 0.007597368796011109, 0.01864673688804712, -0.06226953165210477, 0.016706763765643607, 0.00820836747787808, 0.008429103010900729, 0.0013288533861243912, -0.027495119559499365, 0.0079407651722489, -0.019537669140173262, 0.01248957743472852, 0.005081667213099929, 0.026510774568115892, 0.005196638971127701, 0.013155139201248002, 0.03366505520870577, 0.008406551843795618, 0.041161346767280824, 0.0002261170537926928], "t_p": [0.04913480070920283, 0.008571565407003134, 0.03258584169060447, 0.007630611720590733, 0.043972069507434396, 0.01874223638138213, -0.009732419265731897, 0.0022735981820419006, -0.0020752820471338944, -0.018405904267208416, 0.007538452714109948, 0.00872683482779987, 0.011194901352039316, -0.010333923082770952, 0.016010096557977707, 0.01945919529623673, 0.022666242758011768, 0.005343841173408416, -0.006981309079895043, -0.012140947599702285, -0.020274441495074236, -0.02952882587955908, -0.016145637723354388, 0.01669616626848013, -0.021236303632955655, 0.02078082241265848, 0.010035399257429897, 0.01869313174422456, 0.03309004478899359, -0.013552109054115382, -0.0049111995921613345, -0.015078141635086336, 0.021168348096044173, -0.02056002931222729, -0.012128766590249572, -0.012794575007969074, 0.018657342641686593, -0.00021318524542077668, -0.005512496914175491, -0.020931848268719064, 0.020377428372778353, -0.023484221471849313, -0.0002638626158693804, 0.0437850833582821, 0.010974007581215289, -0.06211876749916341, -0.020259704450815732, 0.01790201805159799, 0.019182946977509177, -0.03360275162919903]}